file	canva_media_id	shot
00_character.jpg	MAHWahuunfk	character reference sheet
01_intro.jpg	MAHWama70MQ	intro: streetlight in the rain
02_walk.jpg	MAHWauYrslI	chorus: walk through the void with an orb
03_eye.jpg	MAHWasFNLuo	chorus: giant eye with a static pupil
04_perform.jpg	MAHWaoN8Yxs	performance: hand over heart under neon
05_shards.jpg	MAHWagastDs	chorus: mirror shards
06_photos.jpg	MAHWanpfy3Q	chorus: floating photos bleeding ink
07_closeup.jpg	MAHWardHNe8	performance: close-up in the rain
08_window.jpg	MAHWanR3v2o	chorus: rainy window
09_stage.jpg	MAHWarc1TLk	chorus: marionette on stage
10_headparty.jpg	MAHWam9RGgw	chorus: party inside a head
11_mirror.jpg	MAHWagbzv8o	verse 1: glitching mirror
12_drive.jpg	MAHWagbn_yk	verse 1: car toward a burning horizon
13_shockwave.jpg	MAHWauOZSsM	verse 1: shockwave through a crowd
